Gene ID,TSS ID,Gene name,sgRNA ID,sgRNA sequence
LH00096,TSS412,RP11-276H7.2,hela_unique:TSS412_-_16481736.23-P1P2,GGCGGCCCCTAACCTGCCCC
LH00096,TSS412,RP11-276H7.2,hela_unique:TSS412_+_16481719.23-P1P2,GGGCTCCCGGGGCAGGTTAG
LH00114,TSS455,U1,hff_unique:TSS455_-_17198794.23-P1P2,GCTGGCGACCCACGACCGGC
LH00114,TSS455,U1,hff_unique:TSS455_-_17198837.23-P1P2,GAGGCGCATCTCTAGTTCAG
LH00395,TSS2282,LAMTOR5-AS1,common:TSS2282_-_110950282.23-P2,GGGCTCAGAACCCAGCGGCA
LH00395,TSS2282,LAMTOR5-AS1,common:TSS2282_+_110950149.23-P2,GCGCGGCGGAGGAACTTGAG
LH00395,TSS2282,LAMTOR5-AS1,common:TSS2282_-_110950282.23-P2,GGGCTCAGAACCCAGCGGCA
LH00395,TSS2282,LAMTOR5-AS1,common:TSS2282_-_110950277.23-P2,GACTCCGGCTCAGAACCCAG
LH00401,TSS2314,RP11-96K19.5,common:TSS2314_-_111505988.23-ENST00000609118,GTCTCCCGTGGAGATCTACT
LH00401,TSS2314,RP11-96K19.5,common:TSS2314_-_111506135.23-ENST00000609118,GGCCTGGGTGGCGCACTCTG
LH00647,TSS3776,LINC00467,common:TSS3776_+_211556188.23-P1P2,GAGGTGCTGAACAACCAGTG
LH00647,TSS3776,LINC00467,common:TSS3776_+_211556207.23-P1P2,GACAACCTCAACCGGACCGA
LH00647,TSS3776,LINC00467,common:TSS3776_-_211556218.23-P1P2,GTTGTTCAGCACCTTCGGTC
LH00647,TSS3776,LINC00467,common:TSS3776_+_211556366.23-P1P2,GTCCCCTCGGAGTGACCGAA
LH00647,TSS3776,LINC00467,common:TSS3776_+_211556346.23-P1P2,GGGAGATTGAGGAAAGAGTG
LH00647,TSS3776,LINC00467,common:TSS3776_-_211556166.23-P1P2,GTGACGTTCCCTACGCGGTC
LH00647,TSS3776,LINC00467,common:TSS3776_-_211556394.23-P1P2,GGTCACTCCGAGGGGACTGT
LH00647,TSS3776,LINC00467,common:TSS3776_+_211556152.23-P1P2,GCCCAACGCCCGACCGCGTA
LH00647,TSS3776,LINC00467,common:TSS3776_-_211556161.23-P1P2,GCGCTGTGACGTTCCCTACG
LH00647,TSS3776,LINC00467,common:TSS3776_-_211556386.23-P1P2,GTCCCTTCGGTCACTCCGAG
LH00771,TSS4646,AP006222.2,common:TSS4646_-_234475.23-ENST00000442116,GGCCATGGTGACCCACCCTC
LH00771,TSS4646,AP006222.2,common:TSS4646_+_234455.23-ENST00000442116,GACCCGAGGGTGGGTCACCA
LH00824,TSS5014,RP3-510D11.1,hff_unique:TSS5014_+_9262420.23-P1P2,GCTTACCGGCACAGCACTGT
LH00824,TSS5014,RP3-510D11.1,hff_unique:TSS5014_-_9262704.23-P1P2,GGTTCAGACTGCTTCGGGAG
LH00918,TSS5454,RP11-96L14.7,common:TSS5454_-_26496840.23-ENST00000414762,GTGGCGTCAGGGACAAGCTA
LH00918,TSS5454,RP11-96L14.7,common:TSS5454_+_26497196.23-ENST00000414762,GTTCAGGCCATGTCAGGTAG
LH00938,TSS5511,SNHG12,u87_unique:TSS5516_-_28908372.23-P1P2,GTAAGTCGACACCGGGAATG
LH00938,TSS5511,SNHG12,u87_unique:TSS5516_-_28908333.23-P1P2,GGAACGGCGCGCAGGAAGGC
LH00938,TSS5511,SNHG12,common:TSS5511_-_28908365.23-P1P2,GCAGCTAGTAAGTCGACACC
LH00938,TSS5511,SNHG12,common:TSS5511_-_28908372.23-P1P2,GTAAGTCGACACCGGGAATG
LH01208,TSS7155,RP6-42F4.1,cancer_common:TSS7155_-_120696934.23-ENST00000610157,Ggtaaggtttatttatatag
LH01208,TSS7155,RP6-42F4.1,cancer_common:TSS7155_+_120697123.23-ENST00000610157,GTGGCATAAAAGATATATTA
LH01455,TSS8381,IPO9-AS1,hff_unique:TSS8381_-_201798500.23-P1P2,GAGGTGCTGGAGGTGACGGA
LH01455,TSS8381,IPO9-AS1,hff_unique:TSS8381_-_201798671.23-P1P2,GGGTTGTGAAAGTCCGAGAG
LH01902,TSS11541,LINC00263,common:TSS11541_+_102133389.23-P1P2,GTTTTCCCCATTCCAGGGTA
LH01902,TSS11541,LINC00263,common:TSS11541_+_102133421.23-P1P2,GTGTTCGCGGCCGGACTGAG
LH02015,TSS12540,GATA3-AS1,mcf7_unique:TSS12540_+_8095369.23-P1P2,GATGCTGCTCGGGCGAGCAG
LH02015,TSS12540,GATA3-AS1,mcf7_unique:TSS12540_+_8095364.23-P1P2,GGCTCGGGCGAGCAGGGGTC
LH02016,TSS12542,GATA3-AS1,mcf7_unique:TSS12542_+_8096559.23-CUFF.4871.12,GGCGCTGGCGAGTAGGGGAC
LH02016,TSS12542,GATA3-AS1,mcf7_unique:TSS12542_+_8096564.23-CUFF.4871.12,GGCCTGGCGCTGGCGAGTAG
LH02236,TSS13993,XLOC_006989,u87_unique:TSS13993_-_94421385.23-CUFF.6305.1,Gtttgttttattagtaaaag
LH02236,TSS13993,XLOC_006989,u87_unique:TSS13993_+_94421131.23-CUFF.6305.1,Gtatttttctccaactataa
LH02285,TSS14272,PDCD4-AS1,cancer_common:TSS14272_+_112631826.23-P1P2,GCTGCCTCCGAGGAGGGATG
LH02285,TSS14272,PDCD4-AS1,cancer_common:TSS14272_-_112631986.23-P1P2,GCCCCAACGCCCCGGACTGC
LH02486,TSS15887,NEAT1,common:TSS15887_-_65190432.23-P1P2,GTGGCAAGGAGACTAGGTCT
LH02486,TSS15887,NEAT1,common:TSS15887_-_65190334.23-P1P2,GGGAGGAAGTGGCTAGCTCA
LH02495,TSS15906,XLOC_007974,cancer_common:TSS15906_+_66053184.23-CUFF.8257.1,GCTCCTGGCTGGGATGGCAC
LH02495,TSS15906,XLOC_007974,cancer_common:TSS15906_+_66053223.23-CUFF.8257.1,GCTCTGGCACTTGGCAGCGA
LH02694,TSS17301,MIR210HG,u87_unique:TSS17303_+_568376.23-P1P2,GCTGAAGTTGGGCCGAGAGC
LH02694,TSS17301,MIR210HG,u87_unique:TSS17303_+_568413.23-P1P2,GgtcgggccggggggcgAGA
LH02848,TSS18221,RP11-727F15.11,u87_hek:TSS18221_-_62538954.23-ENST00000596071,GAGCAGCCTTCGCCACGCCG
LH02848,TSS18221,RP11-727F15.11,u87_hek:TSS18221_+_62538949.23-ENST00000596071,GCCTGCTCACCTGAAGACCC
LH02855,TSS18227,SNHG1,common:TSS18227_-_62623373.23-P1P2,GATGAGAACGAATCTCCCCG
LH02855,TSS18227,SNHG1,common:TSS18228_-_62622978.23-P1P2,GAAGACATTAGGTCAACTCA
LH02855,TSS18226,SNHG1,cancer_common:TSS18226_-_62623373.23-P1P2,GATGAGAACGAATCTCCCCG
LH02855,TSS18226,SNHG1,cancer_common:TSS18226_-_62623075.23-P1P2,GTCCTCACGGAGCTCAGTAC
LH03019,TSS18971,XLOC_009536,cancer_common:TSS18971_+_102217815.23-CUFF.8865.2,GAACCTCCGGGAAAGACGCT
LH03019,TSS18971,XLOC_009536,cancer_common:TSS18971_-_102217972.23-CUFF.8865.2,GGTCAGAGTGAGCCCGGATG
LH03204,TSS20019,RP11-392P7.6,mcf7_unique:TSS20019_+_13100333.23-P1P2,GTACAAATATCAAAATTTAG
LH03204,TSS20019,RP11-392P7.6,mcf7_unique:TSS20019_+_13100416.23-P1P2,GggaaTTGCCCTCCAAGATT
LH03252,TSS20524,RP11-474P2.2,hela_unique:TSS20524_-_46765396.23-P1P2,GCCGTCGAGGCCCCCTACTC
LH03252,TSS20524,RP11-474P2.2,hela_unique:TSS20524_-_46765332.23-P1P2,GggcggAAAAGTACAGACGG
LH03273,TSS20615,XLOC_010347,u87_unique:TSS20615_+_49454139.23-CUFF.10430.1,GGGGAAGGGAGGCGAGCGCA
LH03273,TSS20615,XLOC_010347,u87_unique:TSS20615_+_49454121.23-CUFF.10430.1,GAGGGCCTGGAGCGGCCGGA
LH03379,TSS21351,RP11-734K2.4,cancer_common:TSS21351_-_89919785.23-ENST00000605233,GCGGAACCGTCTGCCCAGAG
LH03379,TSS21351,RP11-734K2.4,cancer_common:TSS21351_-_89919495.23-ENST00000605233,GCGCACTCCGTCCGCCCCGA
LH03546,TSS22441,RP4-816N1.6,common:TSS22441_-_2921874.23-P1P2,GCTGGCGGCTGTCGCGACGG
LH03546,TSS22441,RP4-816N1.6,common:TSS22441_-_2922022.23-P1P2,GGGAGACGTTGATAACGATA
LH03712,TSS23342,RP11-983P16.4,common:TSS23342_+_53412514.23-ENST00000549388,GACTACTGTCATAGAACAAG
LH03712,TSS23342,RP11-983P16.4,common:TSS23342_+_53412450.23-ENST00000549388,GACCAGACCAAAAAAAGTGG
LH03739,TSS23423,RP11-973D8.4,common:TSS23423_-_56361096.23-ENST00000554022,GACTCCCTGGGGAGAGTATA
LH03739,TSS23423,RP11-973D8.4,common:TSS23423_-_56361233.23-ENST00000554022,GCCATGGAGTGGAGTTATGT
LH04017,TSS25192,C1QTNF9B-AS1,hek_unique:TSS25192_+_24463476.23-P1P2,GGGGATCTGCGTTGGAGGAA
LH04017,TSS25192,C1QTNF9B-AS1,hek_unique:TSS25192_+_24463484.23-P1P2,GGCAGGGCAGGGATCTGCGT
LH04113,TSS26114,XLOC_012970,hff_unique:TSS26114_-_78236932.23-CUFF.13085.1,GGTGCTTAGGAGCCCAGTGA
LH04113,TSS26114,XLOC_012970,hff_unique:TSS26114_+_78236716.23-CUFF.13085.1,GTTGTTCCTGGTCCCACTGC
LH04121,TSS26355,MIR17HG,cancer_common:TSS26355_+_91999975.23-P1P2,GCGCGAAGGCGCAGGTCGGG
LH04121,TSS26355,MIR17HG,cancer_common:TSS26355_-_92000200.23-P1P2,GGGCCAGCCGAAGATGGTGG
LH04121,TSS26355,MIR17HG,cancer_common:TSS26355_-_92000200.23-P1P2,GGGCCAGCCGAAGATGGTGG
LH04121,TSS26355,MIR17HG,cancer_common:TSS26355_+_91999931.23-P1P2,GCATGTGGGTGAATGAAGGG
LH04121,TSS26355,MIR17HG,cancer_common:TSS26355_+_91999955.23-P1P2,GGGCGGCGGCGGCACCTCGA
LH04121,TSS26355,MIR17HG,cancer_common:TSS26355_+_91999978.23-P1P2,GTGGCGCGAAGGCGCAGGTC
LH04267,TSS27680,XLOC_013710,ips_unique:TSS27680_-_66720936.23-CUFF.12911.10,Gctctggtgggcagaggtgg
LH04267,TSS27680,XLOC_013710,ips_unique:TSS27680_-_66720689.23-CUFF.12911.10,Ggcaaaaaggaggaggacgg
LH04465,TSS29315,XLOC_014482,hek_unique:TSS29315_-_61119194.23-CUFF.14353.1,GGCTGCAGCGCGGCTCGGGA
LH04465,TSS29315,XLOC_014482,hek_unique:TSS29315_+_61119246.23-CUFF.14353.1,GGCGGCCGTTACCTGCACAG
LH04556,TSS29930,XLOC_014806,u87_unique:TSS29930_+_97646592.23-CUFF.15024.1,GAGTAGAGTGTGTTCATGAA
LH04556,TSS29930,XLOC_014806,u87_unique:TSS29930_-_97646362.23-CUFF.15024.1,GGACTGCAGTGGAAGCTCGG
LH04557,TSS29932,XLOC_014806,u87_unique:TSS29932_-_97647155.23-CUFF.15024.4,GCGGCGCCTCCATGGATGAT
LH04557,TSS29932,XLOC_014806,u87_unique:TSS29932_+_97646908.23-CUFF.15024.4,GCGGCTCCAGGGATGACTCA
LH04640,TSS30313,RPPH1,k562_hela_mcf7:TSS30313_+_20811543.23-P1P2,GGCGGAGGGAAGCTCATCAG
LH04640,TSS30313,RPPH1,k562_hela_mcf7:TSS30313_-_20811501.23-P1P2,GCTAGTCTCAGACCTTCCCA
LH04679,TSS30593,XLOC_015111,u87_unique:TSS30593_-_35498678.23-CUFF.13974.1,GAGGTTTTTAATTATCTCGA
LH04679,TSS30593,XLOC_015111,u87_unique:TSS30593_-_35498833.23-CUFF.13974.1,GTATCACACTAAAAACTCAA
LH04700,TSS30799,XLOC_015194,u87_hek:TSS30799_-_50359827.23-CUFF.14160.2,GCGGCGGCGGCAGAACTGGG
LH04700,TSS30799,XLOC_015194,u87_hek:TSS30799_-_50360146.23-CUFF.14160.2,GGGAGGAGCGGGAACCGCGG
LH04954,TSS32322,RP11-1084A12.2,hff_unique:TSS32322_+_34547799.23-ENST00000559867,GGGCAAACTATTGCTTCATA
LH04954,TSS32322,RP11-1084A12.2,hff_unique:TSS32322_+_34547557.23-ENST00000559867,GTTTATGATTTCCCGGGCAC
LH05287,TSS34128,CTD-3110H11.1,u87_unique:TSS34128_-_50663215.23-CUFF.15826.1,GTTTTAAACAAGAATCTCTC
LH05287,TSS34128,CTD-3110H11.1,u87_unique:TSS34128_-_50663256.23-CUFF.15826.1,Gggaaattatattaatatct
LH05429,TSS34793,XLOC_017263,u87_unique:TSS34793_-_85640780.23-CUFF.16540.1,GGCCGGTAGTGGCCACATAA
LH05429,TSS34793,XLOC_017263,u87_unique:TSS34793_-_85640704.23-CUFF.16540.1,GCTCCACACCCTATATACAG
LH05636,TSS35864,RP11-347C12.10,"hek_unique:TSS35864_+_30366413.23-CUFF.17596.2,CUFF.17596.3",GGGAGCAGGGAGGAACGGGG
LH05636,TSS35864,RP11-347C12.10,"hek_unique:TSS35864_-_30366064.23-CUFF.17596.2,CUFF.17596.3",GAGAGGAAGGGAACCGGGTG
LH05655,TSS35900,RP11-196G11.4,common:TSS35900_-_31129050.23-P1P2,GGTTGCGGCGGGGACTTCAG
LH05655,TSS35900,RP11-196G11.4,common:TSS35900_-_31129029.23-P1P2,GGCACAGGGAGCTGCTGCGG
LH05674,TSS35971,XLOC_017875,u87_unique:TSS35971_+_33962741.23-CUFF.17717.1,Gctaggcaggggccggagag
LH05674,TSS35971,XLOC_017875,u87_unique:TSS35971_+_33962753.23-CUFF.17717.1,Gggcactcgacccctaggca
LH05766,TSS36664,XLOC_018248,hek_unique:TSS36664_+_79634979.23-CUFF.18383.7,GGCGAGCTGGGGCTCCGGAT
LH05766,TSS36664,XLOC_018248,hek_unique:TSS36664_-_79634867.23-CUFF.18383.7,GGCCTACCCGGGAGGGAACG
LH05893,TSS37190,XLOC_018520,k562_hela:TSS37190_+_2870901.23-CUFF.17050.1,GGCAACCTGAGGCCCCTCTA
LH05893,TSS37190,XLOC_018520,k562_hela:TSS37190_+_2870762.23-CUFF.17050.1,GATCACAGAAGGCCCCGGGG
LH06037,TSS37737,AC009133.20,common:TSS37737_-_29822880.23-P1P2,GACGGCCCTGAGGCCATGGT
LH06037,TSS37737,AC009133.20,common:TSS37737_+_29823254.23-P1P2,GGGATTTGGGGGAAACGGAG
LH06146,TSS38398,AC002044.4,mcf7_unique:TSS38398_+_73048034.23-ENST00000606707,Gtggaggcccccacatttct
LH06146,TSS38398,AC002044.4,mcf7_unique:TSS38398_-_73047952.23-ENST00000606707,Gacaggggtccttacaacag
LH06415,TSS39739,RP11-1094M14.11,common:TSS39739_-_33895581.23-ENST00000592381,GTAGGAGCTTAGGGTTTAGT
LH06415,TSS39739,RP11-1094M14.11,common:TSS39739_-_33895261.23-ENST00000592381,GCTGAGAGAGTCCAGGTCGT
LH06436,TSS39850,CTB-131K11.1,common:TSS39850_-_37558137.23-ENST00000582842,GAGCCCATCGGGAGAAGGCG
LH06436,TSS39850,CTB-131K11.1,common:TSS39850_-_37558126.23-ENST00000582842,GCGAGGCAGACGAGCCCATC
LH06783,TSS41432,RP11-416I2.1,u87_unique:TSS41432_-_16918263.23-P1P2,GatagagGCTCTCTAGGACA
LH06783,TSS41432,RP11-416I2.1,u87_unique:TSS41432_+_16918091.23-P1P2,Gggaagccaagcccatgctg
LH06936,TSS41956,LINC00910,hff_unique:TSS41956_+_41466161.23-P1P2,GGCAGGAGACGCAGGCACAG
LH06936,TSS41956,LINC00910,hff_unique:TSS41956_+_41466178.23-P1P2,GGTCCGCGCACAGAAGCCGC
LH07024,TSS42353,MIR142,k562_unique:TSS42353_+_56409626.23-P1P2,GGGCTCCGGGACCCCAGGCG
LH07024,TSS42353,MIR142,k562_unique:TSS42353_+_56409874.23-P1P2,GCCTGAAGGGAACCCCACTT
LH07328,TSS44059,MIR1539,mcf7_unique:TSS44059_-_47013934.23-P1P2,GTAGGCCGTTGAGGCAACTG
LH07328,TSS44059,MIR1539,mcf7_unique:TSS44059_-_47013908.23-P1P2,GGCGGCACCCACACGGAAGG
LH07534,TSS45950,LINC00909,common:TSS45950_+_72265020.23-P1P2,GTCCGTAGTGGATGCAGCGC
LH07534,TSS45950,LINC00909,common:TSS45950_-_72265040.23-P1P2,GTCCGGCGCTGCATCCACTA
LH07534,TSS45950,LINC00909,u87_unique:TSS45951_-_72265061.23-P1P2,GGAGTCGCCTTGGAAGCCAC
LH07534,TSS45950,LINC00909,u87_unique:TSS45951_-_72265040.23-P1P2,GTCCGGCGCTGCATCCACTA
LH07598,TSS46326,XLOC_023189,"hff_ips:TSS46326_-_4088346.23-CUFF.22354.1,CUFF.22354.2",GGGGAAGATAGGCAAGACCA
LH07598,TSS46326,XLOC_023189,"hff_ips:TSS46326_+_4088359.23-CUFF.22354.1,CUFF.22354.2",GCCACGGCACCCCAGAGGGA
LH07863,TSS47327,XLOC_023780,hff_unique:TSS47327_+_43685830.23-CUFF.23534.37,Gcgggcacaaggtcagaaga
LH07863,TSS47327,XLOC_023780,hff_unique:TSS47327_+_43685577.23-CUFF.23534.37,Ggaatgcttttgatgcttac
LH08018,TSS47812,ERVK3-1,common:TSS47812_-_58816796.23-P1P2,GCGGGCGGCTAGGCTCTCTG
LH08018,TSS47812,ERVK3-1,common:TSS47812_-_58816781.23-P1P2,GGGGCGCGCGGACTATCGGG
LH08018,TSS47812,ERVK3-1,common:TSS47812_-_58816778.23-P1P2,GCACGGGCGCGCGGACTATC
LH08018,TSS47812,ERVK3-1,common:TSS47812_-_58816818.23-P1P2,GAGGCTGCCACAGTGGTGAG
LH08018,TSS47812,ERVK3-1,common:TSS47812_+_58816983.23-P1P2,GGGTGACACCCGGCAGGACA
LH08018,TSS47812,ERVK3-1,common:TSS47812_-_58816762.23-P1P2,GCAGTGTGTAAGACGCTCAC
LH08018,TSS47812,ERVK3-1,common:TSS47812_-_58816786.23-P1P2,GCGCGGACTATCGGGCGGCT
LH08018,TSS47812,ERVK3-1,common:TSS47812_-_58816973.23-P1P2,GAGAGGCGCGCGGTGCGTGA
LH08018,TSS47812,ERVK3-1,common:TSS47812_-_58816740.23-P1P2,GTGCGTACCGGAAGTGCCGG
LH08018,TSS47812,ERVK3-1,common:TSS47812_+_58816993.23-P1P2,GGCGCATAAGCGGTGACACC
LH08035,TSS47838,AC016629.8,common:TSS47838_+_59074558.23-CUFF.23977.6,GGCGGCCGTTGCGATGTATG
LH08035,TSS47838,AC016629.8,common:TSS47838_+_59074594.23-CUFF.23977.6,GGGGGCCGCCCCAGCACTGG
LH08135,TSS48076,CTD-3193O13.1,u87_unique:TSS48076_-_7983822.23-P1P2,GGGATGGTGCGCCCCCAACA
LH08135,TSS48076,CTD-3193O13.1,u87_unique:TSS48076_+_7983869.23-P1P2,GAGGTCCAGGGAGGCGGGTC
LH08532,TSS49333,XLOC_025009,hff_unique:TSS49333_+_56014886.23-CUFF.23842.1,GAGCCCGCGGGAGACAGAAA
LH08532,TSS49333,XLOC_025009,hff_unique:TSS49333_+_56015138.23-CUFF.23842.1,GACTCTCCTGCGGGAGCGGG
LH08577,TSS49500,AC092159.2,hek_unique:TSS49500_+_677246.23-P1P2,GCCACCAGTTCGGGGGAGGA
LH08577,TSS49500,AC092159.2,hek_unique:TSS49500_+_677243.23-P1P2,GCCAGTTCGGGGGAGGACGG
LH08872,TSS51685,XLOC_026118,"common:TSS51685_-_114464554.23-CUFF.26051.4,CUFF.26051.5",GGACAAAACCAGGGTAGTTT
LH08872,TSS51685,XLOC_026118,"common:TSS51685_+_114464468.23-CUFF.26051.4,CUFF.26051.5",GAACATTATTTTATAGACTG
LH08901,TSS51957,XLOC_026243,hff_unique:TSS51957_+_129153750.23-CUFF.26505.23,GGACACCTGAGCCCAGATCC
LH08901,TSS51957,XLOC_026243,hff_unique:TSS51957_-_129153745.23-CUFF.26505.23,GTGGGTCACATAGCAATTAA
LH09300,TSS55474,PCBP1-AS1,hek_unique:TSS55474_+_70314873.23-ENST00000413436,GTCAGTCACACCGGCATCCA
LH09300,TSS55474,PCBP1-AS1,hek_unique:TSS55474_+_70314626.23-ENST00000413436,GggcgCGGCGGTGGCGACTC
LH09582,TSS57373,LINC01116,u87_unique:TSS57373_-_177502217.23-P1P2,GGGGCTTTCGGGGTAAGGGG
LH09582,TSS57373,LINC01116,u87_unique:TSS57373_-_177502344.23-P1P2,GAGCAGCTTGGAGAGGAAGT
LH09670,TSS57916,XLOC_029037,"u87_hek:TSS57916_-_219081923.23-CUFF.27597.1,CUFF.27597.3",GACCGGGCTTGTCGGTGAAg
LH09670,TSS57916,XLOC_029037,"u87_hek:TSS57916_-_219081929.23-CUFF.27597.1,CUFF.27597.3",GCTTGTCGGTGAAgcggcag
LH09763,TSS58522,XLOC_029345,u87_unique:TSS58522_-_242705563.23-CUFF.28199.3,GCTGAGGGAGTAGGAAGAGG
LH09763,TSS58522,XLOC_029345,u87_unique:TSS58522_-_242705763.23-CUFF.28199.3,Gctgagggagtaggaagagg
LH09864,TSS59417,XLOC_029782,ips_unique:TSS59417_-_43438448.23-CUFF.29107.1,GCGCGTCGGAGCCCCAGGGG
LH09864,TSS59417,XLOC_029782,ips_unique:TSS59417_-_43438268.23-CUFF.29107.1,GCCCCAGGCGTATAAGAAGC
LH10546,TSS64177,TUG1,"common:TSS64177_-_31364222.23-CUFF.31011.1,CUFF.31011.3,CUFF.31011.5,CUFF.31011.7,CUFF.31011.8",GAAGGAGATGGTCCTTGAGT
LH10546,TSS64177,TUG1,"common:TSS64177_-_31364420.23-CUFF.31011.1,CUFF.31011.3,CUFF.31011.5,CUFF.31011.7,CUFF.31011.8",GATGTCGACGGAGTGTTATA
LH10586,TSS64357,RP5-1039K5.17,hff_unique:TSS64357_+_38347423.23-ENST00000609976,GCTTCCTGGACAGAGGGATC
LH10586,TSS64357,RP5-1039K5.17,hff_unique:TSS64357_-_38347441.23-ENST00000609976,GGCCCCAGATCCCTCTGTCC
LH11526,TSS70103,XLOC_034917,hela_unique:TSS70103_+_75736128.23-CUFF.32657.1,Gccttaagggagggaggtaa
LH11526,TSS70103,XLOC_034917,hela_unique:TSS70103_+_75736134.23-CUFF.32657.1,Gttatgtccttaagggaggg
LH11901,TSS73164,DANCR,common:TSS73164_+_53578706.23-P1P2,GgAGACCGAAAGCCGAAGAC
LH11901,TSS73164,DANCR,common:TSS73164_-_53578770.23-P1P2,GggcccgTGGGTCCGATCAG
LH11901,TSS73164,DANCR,common:TSS73164_+_53578634.23-P1P2,GACGGGCGCACAAACCAGAG
LH11901,TSS73164,DANCR,common:TSS73164_+_53578652.23-P1P2,GAGAGGCCTGCGACCTGCGA
LH11901,TSS73164,DANCR,common:TSS73164_+_53578631.23-P1P2,GGGCGCACAAACCAGAGAGG
LH11901,TSS73164,DANCR,common:TSS73164_+_53578751.23-P1P2,GAGCCCCTGATCGGACCCAc
LH11901,TSS73164,DANCR,common:TSS73164_+_53578932.23-P1P2,GGACCTGCGCCGGGAACCTC
LH11901,TSS73164,DANCR,common:TSS73164_-_53578694.23-P1P2,GTTTGTCAGCTGGAGTTGCG
LH11901,TSS73164,DANCR,common:TSS73164_+_53578802.23-P1P2,GGAGCAGAGGAGCTCGAGGC
LH11901,TSS73164,DANCR,common:TSS73164_+_53579108.23-P1P2,GATACCTGCGCTAAGAACTG
LH12437,TSS77978,XLOC_038702,hff_unique:TSS77978_-_185306981.23-CUFF.37322.1,GAAGGGAGTGACCCAGGTAC
LH12437,TSS77978,XLOC_038702,hff_unique:TSS77978_-_185306964.23-CUFF.37322.1,GACAGTGAGCCCATTATCAA
LH12673,TSS80057,EPB41L4A-AS1,common:TSS80057_-_111496740.23-P1P2,GTGTCCGGGGCCGTGAACAA
LH12673,TSS80057,EPB41L4A-AS1,common:TSS80057_+_111496631.23-P1P2,GCCCTGCGTGAGAGACCACG
LH12673,TSS80058,EPB41L4A-AS1,common:TSS80058_+_111496674.23-P1P2,GCGACTCACCAGACTCAGGG
LH12673,TSS80058,EPB41L4A-AS1,common:TSS80058_+_111496631.23-P1P2,GCCCTGCGTGAGAGACCACG
LH12673,TSS80058,EPB41L4A-AS1,common:TSS80058_+_111496674.23-P1P2,GCGACTCACCAGACTCAGGG
LH12673,TSS80058,EPB41L4A-AS1,common:TSS80058_-_111496740.23-P1P2,GTGTCCGGGGCCGTGAACAA
LH12679,TSS80115,CTC-428G20.6,u87_hek:TSS80115_-_114598258.23-ENST00000606615,GCACCGTACGGCGGGAGAGT
LH12679,TSS80115,CTC-428G20.6,u87_hek:TSS80115_+_114598271.23-ENST00000606615,GGCACTGACTGGTTTCAAGT
LH12937,TSS82007,XLOC_040566,u87_hek:TSS82007_+_34929660.23-CUFF.38155.1,GggcggccgccgcTTCGCAT
LH12937,TSS82007,XLOC_040566,u87_hek:TSS82007_+_34929710.23-CUFF.38155.1,Gcggcagacgacgcaggctg
LH13436,TSS85775,TRAM2-AS1,u87_unique:TSS85774_+_52441970.23-P1P2,GAGAGGGTTAAGCCCGCGgg
LH13436,TSS85775,TRAM2-AS1,u87_unique:TSS85774_-_52442033.23-P1P2,GCTACCGGGGCGGAGGCGTA
LH13598,TSS87020,XLOC_042889,k562_unique:TSS87020_-_135644614.23-CUFF.42626.1,GGGTTTGCTAATGGGATGAG
LH13598,TSS87020,XLOC_042889,k562_unique:TSS87020_+_135644461.23-CUFF.42626.1,GGTGGTCTTATCTCTCTCTT
LH13836,TSS88661,XXbac-BPG252P9.9,common:TSS88661_+_30691697.23-P1P2,GAGACCTGCTGGGTGAGTTC
LH13836,TSS88661,XXbac-BPG252P9.9,common:TSS88661_+_30691650.23-P1P2,GCTTCCACGGCTGGTGAGAG
LH13958,TSS89234,LINC00680,common:TSS89234_+_58287660.23-P1P2,GAGTTCCCCTGCAGTTGTTT
LH13958,TSS89234,LINC00680,common:TSS89234_-_58287677.23-P1P2,GACAGCCCAAACAACTGCAG
LH13960,TSS89257,RP5-1148A21.3,hela_unique:TSS89257_-_64281967.23-P1P2,GCAGGCTCGACACTGAGACG
LH13960,TSS89257,RP5-1148A21.3,hela_unique:TSS89257_+_64282224.23-P1P2,GGGCCGCCGCCGGTGTGAAC
LH14528,TSS93446,AC016831.7,u87_unique:TSS93446_-_130598311.23-CUFF.46096.31,GGTCTGCAGATCCGTCTGGG
LH14528,TSS93446,AC016831.7,u87_unique:TSS93446_+_130598335.23-CUFF.46096.31,GCTCACCAGCAACTGAGTGT
LH14558,TSS93651,RP4-545C24.1,ips_unique:TSS93651_-_143892912.23-CUFF.46061.2,GAGTGCCGGGCCGGCGGAGA
LH14558,TSS93651,RP4-545C24.1,ips_unique:TSS93651_-_143892637.23-CUFF.46061.2,GAGGAGGGCACCCACCTGGT
LH14808,TSS95407,CTB-51J22.1,u87_unique:TSS95407_-_73476494.23-P1P2,GGAGGTGGAAGACTCCCCCA
LH14808,TSS95407,CTB-51J22.1,u87_unique:TSS95407_-_73476272.23-P1P2,GAGCTCTCTGGCCCGAGCAA
LH14876,TSS95782,RP11-126L15.4,cancer_common:TSS95782_+_100450208.23-P1P2,GCCAGCTCCACGTGCGCCCG
LH14876,TSS95782,RP11-126L15.4,cancer_common:TSS95782_-_100450240.23-P1P2,GCGTGGAGCTGGAGCAGCGC
LH14965,TSS96264,MIR29A,u87_unique:TSS96264_+_130598103.23-P1P2,GTGCTCACTTCTCAGAGGGC
LH14965,TSS96264,MIR29A,u87_unique:TSS96264_+_130598129.23-P1P2,GCACGTGGCTGCCATCTCAG
LH15315,TSS98937,KB-1471A8.1,cancer_common:TSS98937_+_120868042.23-CUFF.48273.1,GGCGGCGGGACTCCTAGACC
LH15315,TSS98937,KB-1471A8.1,cancer_common:TSS98937_-_120867939.23-CUFF.48273.1,GTGCAGCGCCGCTGGCCCCA
LH15315,TSS98937,KB-1471A8.1,cancer_common:TSS98937_-_120867939.23-CUFF.48273.1,GTGCAGCGCCGCTGGCCCCA
LH15315,TSS98937,KB-1471A8.1,cancer_common:TSS98937_+_120868042.23-CUFF.48273.1,GGCGGCGGGACTCCTAGACC
LH15346,TSS99142,PVT1,common:TSS99142_-_128807040.23-P1P2,GCGAGACTTGGCCCTGAGTA
LH15346,TSS99142,PVT1,common:TSS99142_-_128807059.23-P1P2,GGGGATGCGCTGTGAGTAGT
LH15347,TSS99143,PVT1,u87_hek:TSS99143_+_128808391.23-P1P2,GGAATAAGCCACTCTTAACC
LH15347,TSS99143,PVT1,u87_hek:TSS99143_+_128808419.23-P1P2,GTCTGCACTCAAGATAGATG
LH15738,TSS102129,CCAT1,hela_unique:TSS102129_+_128231079.23-P1P2,Gctttgaagttgcactgacc
LH15738,TSS102129,CCAT1,hela_unique:TSS102129_+_128231163.23-P1P2,GAAGCCCTGTACATTGGGAA
LH15741,TSS102124,"CCAT1, XLOC_050171","hela_unique:TSS102124_-_128241282.23-CUFF.49125.24,CUFF.49125.41",Gagggaagatccactgaatt
LH15741,TSS102124,"CCAT1, XLOC_050171","hela_unique:TSS102124_-_128241258.23-CUFF.49125.24,CUFF.49125.41",GGCAGCTCAATAcaaaacgg
LH15746,TSS102156,TSS102156_1,mcf7_unique:TSS102156_-_128806345.23-CUFF.48432.2,GCCTTCCTCAGCAGGAAAGT
LH15746,TSS102156,TSS102156_2,mcf7_unique:TSS102156_-_128806368.23-CUFF.48432.2,GAGACCGCTTGCTTCCAGGA
LH15797,TSS102556,MINCR,common:TSS102556_-_144363800.23-P1P2,Ggaaggaagtgctcttgccg
LH15797,TSS102556,MINCR,common:TSS102556_+_144363774.23-P1P2,GgcaagagcacttccttccG
LH15797,TSS102556,MINCR,common:TSS102556_+_144363795.23-P1P2,Ggaactctgctgcttcgccc
LH15797,TSS102556,MINCR,common:TSS102556_-_144363835.23-P1P2,Gttcggaagacacgcgacca
LH15797,TSS102556,MINCR,common:TSS102556_-_144363850.23-P1P2,Gaccagggcaccaaacagac
LH15797,TSS102556,MINCR,common:TSS102556_-_144363553.23-P1P2,Ggggagcacctgctacgcta
LH15797,TSS102556,MINCR,common:TSS102556_-_144363620.23-P1P2,GCCTGGGAACTAAACCCCTA
LH15797,TSS102556,MINCR,common:TSS102556_+_144363761.23-P1P2,GcttccGCGGCTGCTAAAAC
LH15797,TSS102556,MINCR,common:TSS102556_-_144363568.23-P1P2,Ggctagggctgtggaaacaa
LH15797,TSS102556,MINCR,common:TSS102556_-_144363682.23-P1P2,GGGGTGGGGACAGATCCCCG
LH15904,TSS103233,LOC100506710,common:TSS103233_+_37080151.23-P1P2,GGCGCCCCACCACAAGTGAG
LH15904,TSS103233,LOC100506710,common:TSS103233_+_37080077.23-P1P2,GGGCTGGCGAGACGGAGGGT
LH15904,TSS103233,LOC100506710,common:TSS103233_-_37079889.23-P1P2,GACACAGAAGGCGACGCCTA
LH15904,TSS103233,LOC100506710,common:TSS103233_+_37080081.23-P1P2,GGCTCGGCTGGCGAGACGGA
LH15904,TSS103233,LOC100506710,common:TSS103233_+_37080148.23-P1P2,GCCCCACCACAAGTGAGGGG
LH15904,TSS103233,LOC100506710,common:TSS103233_-_37080276.23-P1P2,GGGCTAAGGTCGTGATTCTA
LH15904,TSS103233,LOC100506710,common:TSS103233_-_37080279.23-P1P2,GTAAGGTCGTGATTCTAGGG
LH15904,TSS103233,LOC100506710,common:TSS103233_+_37079993.23-P1P2,GAAACAGAAAGCACCAAACA
LH15904,TSS103233,LOC100506710,common:TSS103233_+_37080048.23-P1P2,GCCCAGGCCGCGGGTGACTC
LH15904,TSS103233,LOC100506710,common:TSS103233_+_37080085.23-P1P2,GCACAGCTCGGCTGGCGAGA
LH15992,TSS103723,XLOC_050924,common:TSS103723_-_88897135.23-P1P2,GCGTTGCAAAGAGGGGCCGG
LH15992,TSS103723,XLOC_050924,common:TSS103723_-_88897168.23-P1P2,GGCGAGGCTGTGCGGCGGGT
LH16185,TSS104884,XLOC_051509,cancer_common:TSS104884_-_139100727.23-CUFF.51040.1,GTCAACCCCGAGGAAGGGTG
LH16185,TSS104884,XLOC_051509,cancer_common:TSS104884_-_139100884.23-CUFF.51040.1,GCTCCATGGGACACCTCTGG
LH16721,TSS109289,RP6-24A23.3,"hek_unique:TSS109289_+_107979673.23-ENST00000608811,CUFF.52344.2",GCGCGGGCCAAGGCAGGAGG
LH16721,TSS109289,RP6-24A23.3,"hek_unique:TSS109289_+_107979653.23-ENST00000608811,CUFF.52344.2",GGGCTGGGGCGGGCAGACGA
LH16722,TSS109290,RP6-24A23.3,hek_unique:TSS109290_+_107979812.23-P1P2,GCTCCCTTGCTCACCTCTAC
LH16722,TSS109290,RP6-24A23.3,hek_unique:TSS109290_-_107979986.23-P1P2,GAGTCCAGGAAGGCATGAGG
LH16726,TSS109301,XLOC_054068,u87_unique:TSS109301_+_108975917.23-P1P2,GGCTCTGTAACTGAGGGCTA
LH16726,TSS109301,XLOC_054068,u87_unique:TSS109301_-_108976096.23-P1P2,GGCCCTCGGGATGCGGTGAG
LH16937,TSS110594,XIST,hek_unique:TSS110594_-_73072517.23-P1P2,GTGCAGAGAGATCTTCAGTC
LH16937,TSS110594,XIST,hek_unique:TSS110594_-_73072550.23-P1P2,GCCCGAGAGAGTAAGAAATA
neg ctrl,neg ctrl,neg ctrl,sgGal4,GAACGACTAGTTAGGCGTGTA
neg ctrl,neg ctrl,neg ctrl,nc_02727,GATGTGGTCATTCGTCATGA
neg ctrl,neg ctrl,neg ctrl,nc_03150,GACATCCTAATACGCGAGCT
neg ctrl,neg ctrl,neg ctrl,nc_01736,GGTGCGCACGGTTATCTGCA
neg ctrl,neg ctrl,neg ctrl,nc_01688,GAACGGGCTTTATCGGCCAT
