NonTarget_1,GCTTAGCCTCCGTCGCGCAC,NonTarget
NonTarget_2,GTTCGACCTAAGCTTTCCGG,NonTarget
NonTarget_3,GCCCAGCGAGCGACCACGTA,NonTarget
NonTarget_4,GACGGTGGACGGGATAATTC,NonTarget
NonTarget_5,GATAGGTATGCCGGACGCTT,NonTarget
NonTarget_6,GGAGAGAATCGCGCAGTCAT,NonTarget
NonTarget_7,GGGCGCCGATCCGCCATTGT,NonTarget
NonTarget_8,GTATCGCCCTATAGATTGGG,NonTarget
NonTarget_9,GCCGGGCGGTCGAACAATCT,NonTarget
NonTarget_10,GGCCGCGTATAGTCGGCACT,NonTarget
NonTarget_11,GGCGTCCCGTCTATACGCAT,NonTarget
NonTarget_12,GAGTCGATAATCGCCCGAAC,NonTarget
NonTarget_13,GATATAGCGCGCGAGAATTT,NonTarget
NonTarget_14,GCGCGCACTTTAAAACCGTA,NonTarget
NonTarget_15,GGTTCGTGTAATTCGGCTCA,NonTarget
NonTarget_16,GCGCAAACAATGCGAGTCGA,NonTarget
NonTarget_17,GCGCTATATTCAGGCCCGCA,NonTarget
NonTarget_18,GGTTAAATCCGTTTAGGCGA,NonTarget
NonTarget_19,GGCCCGACTCCGACGAACAC,NonTarget
NonTarget_20,GATTCGGCTAGACCGAGCGT,NonTarget
NonTarget_21,GGATGGACGATCGGACGACC,NonTarget
NonTarget_22,GTCGCGGACCGCGGACCATC,NonTarget
NonTarget_23,GAATGAGGATCACCGCAACG,NonTarget
NonTarget_24,GGCATCGATGCGGACGGCAT,NonTarget
NonTarget_25,GCACAACGCTATGTCTCGAC,NonTarget
NonTarget_26,GTATCGCGTGCATTGTCTAC,NonTarget
NonTarget_27,GTAGGCAATCCGAATAGATA,NonTarget
NonTarget_28,GAGGATGCGTAGTATCCGGA,NonTarget
NonTarget_29,GCGCAAGTCCGCCGATGTGT,NonTarget
NonTarget_30,GTCCGAATAGACGGACGTAC,NonTarget
NonTarget_31,GTATAGTACGTGCACTAGGT,NonTarget
NonTarget_32,GGCAATGACTATGGTTAGCC,NonTarget
NonTarget_33,GAAGCGCGGTGACGTCGTCA,NonTarget
NonTarget_34,GCTTGCATACGTCCGCAAGA,NonTarget
NonTarget_35,GTAACGGGACGCGATGACGT,NonTarget
NonTarget_36,GCGGAATCCGACCGGGGTGA,NonTarget
NonTarget_37,GCGTGCGGAATAACTGGTCG,NonTarget
NonTarget_38,GCAATGGGGATCGGTCGTCG,NonTarget
NonTarget_39,GGGCATGTATCGGCGTATGG,NonTarget
NonTarget_40,GTATAGCACGTAACGTGATT,NonTarget
NonTarget_41,GGAGCTAGGCTTACACCTGA,NonTarget
NonTarget_42,GGACGCCGTGGCGAGCACGA,NonTarget
NonTarget_43,GCAACGAGTGATCACGCGCA,NonTarget
NonTarget_44,GTGCGTCGTACATACGTTAA,NonTarget
NonTarget_45,GCGCCGTCCAGACGGTCGTC,NonTarget
NonTarget_46,GTTCCAATTGCCGCCTCCGG,NonTarget
NonTarget_47,GCGTGCGCAAGGTCGATAGT,NonTarget
NonTarget_48,GACGCCGTGCCGGAGCGCTT,NonTarget
NonTarget_49,GGCGTATCGTCCATACGGGT,NonTarget
NonTarget_50,GTAGACCCAGCCGACGAACG,NonTarget
NonTarget_51,GTATGGCGGACCGAACCGTC,NonTarget
NonTarget_52,GACGGGAGGCACCGTCGAAC,NonTarget
NonTarget_53,GGCGGTAAGCGTAAACTAGT,NonTarget
NonTarget_54,GAATGTCGGCACAGGCGCGT,NonTarget
NonTarget_55,GCGATAACCGTACACGAACC,NonTarget
NonTarget_56,GTTACGGCGGCTATTATGCG,NonTarget
NonTarget_57,GACCCCTCGTAGTGGTCCGT,NonTarget
NonTarget_58,GAACATACCGCCCTCGGGTC,NonTarget
NonTarget_59,GGACTACGCACTCCGGACCG,NonTarget
NonTarget_60,GACTCCTTGTAAATGCGGCC,NonTarget
NonTarget_61,GACGGTGGACCGTATGGCAA,NonTarget
NonTarget_62,GCTCAGAATTTCGTCGCGAG,NonTarget
NonTarget_63,GCTTGAGGCGTCAGCTCGAA,NonTarget
NonTarget_64,GACTGCGGGAGTATTGGCGT,NonTarget
NonTarget_65,GGGCTTCTGTGATACGGATA,NonTarget
NonTarget_66,GCCCCGCGAATCTAACCGTA,NonTarget
NonTarget_67,GTGCGACGGCAGGCTAGTGC,NonTarget
NonTarget_68,GCCGCTCGAAATCGATTTTA,NonTarget
NonTarget_69,GCTCGTGACACAACATCCGC,NonTarget
NonTarget_70,GCCGAGTGAACTACCCAACA,NonTarget
NonTarget_71,GAGCGACCCACTAAATTTGC,NonTarget
NonTarget_72,GTACGCGCGTATACTAAGCG,NonTarget
NonTarget_73,GTATCCGATCACGCTACAAA,NonTarget
NonTarget_74,GCTGCTCCCGAACGATCAAG,NonTarget
NonTarget_75,GCTAATCGGCCAGCGTCCTC,NonTarget
NonTarget_76,GCTACGACGCCTGTGCCAAT,NonTarget
NonTarget_77,GGGCCCGCTGACCGTCTAAC,NonTarget
NonTarget_78,GTCGTAGCCAGAATATCCGC,NonTarget
NonTarget_79,GGACGTCACAGCGGAGCGGT,NonTarget
NonTarget_80,GTATATTTAGTGCGCGCACC,NonTarget
NonTarget_81,GCGCGCGCTAAAATCTGTTC,NonTarget
NonTarget_82,GGGCAATACTCGGGACGCGC,NonTarget
NonTarget_83,GGCAACTCTCAGCGGCGCGT,NonTarget
NonTarget_84,GTCGAGCGGGCATGATACCC,NonTarget
NonTarget_85,GGGCATTCTGTCGACCTCCG,NonTarget
NonTarget_86,GTTAGCGCCCGCGACATTAA,NonTarget
NonTarget_87,GGCTCGTTGTGCCGTACGGT,NonTarget
NonTarget_88,GGACCCGTTATGCGGTTCAT,NonTarget
NonTarget_89,GTTATCCGTAATGGACGGAG,NonTarget
NonTarget_90,GGACGTTCGCGGCGTTTCTG,NonTarget
NonTarget_91,GGACGTCTCGGTAGTAGTGA,NonTarget
NonTarget_92,GGTGTGCATCTTGACCGAAT,NonTarget
NonTarget_93,GCTAAACTCGCCTCGCGGCG,NonTarget
NonTarget_94,GGATGATAGCGCACGGTTCC,NonTarget
NonTarget_95,GAAGAGCGCATTCGCTCAGG,NonTarget
NonTarget_96,GGCGTTCGAGACGTTACCAC,NonTarget
NonTarget_97,GGTAGTCGTAGTCTATAACA,NonTarget
NonTarget_98,GAACGCCAATCGTGCCTGAG,NonTarget
NonTarget_99,GACCGGTATTGTAGGGCGAA,NonTarget
NonTarget_100,GGTCCGCGGCTAATCTCTGC,NonTarget
NonTarget_101,GCATATTCACGGGAGGATCG,NonTarget
NonTarget_102,GCCTACGTACATATACTGGC,NonTarget
NonTarget_103,GGACTGCCGCTTATTCTGCG,NonTarget
NonTarget_104,GACTAATTCACGGACCTCGT,NonTarget
NonTarget_105,GGCTGTCAATTATTCGCAGA,NonTarget
NonTarget_106,GCGTCGCGATGCCAAAAAAT,NonTarget
NonTarget_107,GAGGACTACTAGCTTATAAC,NonTarget
NonTarget_108,GGTTGTCGACTCTCAATACT,NonTarget
NonTarget_109,GGTGGCCCGTTAGCTAAGTT,NonTarget
NonTarget_110,GACTATTGATAACTGGGGCG,NonTarget
NonTarget_111,GGTCGTATTCGCCCCAGTAG,NonTarget
NonTarget_112,GGGGCAAACGCTACGTAAGA,NonTarget
NonTarget_113,GACGGGTGGTACATCGTTGA,NonTarget
NonTarget_114,GATGTGTACTTCGGCTATAT,NonTarget
NonTarget_115,GCCAGTCGATTCCCATTCGC,NonTarget
NonTarget_116,GAGGTTATAAGATGCGATCC,NonTarget
NonTarget_117,GTCAGCAGCAAGCTCGCTCC,NonTarget
NonTarget_118,GCACGGATTGTCAGTCGGTC,NonTarget
NonTarget_119,GTATCGGGGAAGTCGGTTAT,NonTarget
NonTarget_120,GTGGGCGACCTATGTTTAAC,NonTarget
NonTarget_121,GGCTACGGTTTTACCTTCCT,NonTarget
NonTarget_122,GAGCGACTTTGAATCGACAA,NonTarget
NonTarget_123,GACCGGGTAACACCCTTAAT,NonTarget
NonTarget_124,GCGGACTGCTGATGTCGAGC,NonTarget
NonTarget_125,GATCATCCCTAGTTCGTTTT,NonTarget
NonTarget_126,GTTTTGTCCTCGCCGCATAT,NonTarget
NonTarget_127,GGTGGGCACTACCGCTACAC,NonTarget
NonTarget_128,GAACATGACCTACGACGCTT,NonTarget
NonTarget_129,GCATGAGTTACGTATGACGG,NonTarget
NonTarget_130,GGCCGTGTATCCAACGTTAT,NonTarget
NonTarget_131,GGCCTCGTAATTGTGCGGTT,NonTarget
NonTarget_132,GGCCATGCGGGACTTCCGAC,NonTarget
NonTarget_133,GACTCTCCGTGAGACAGCCG,NonTarget
NonTarget_134,GGATAGCCAGTTAACGACCC,NonTarget
NonTarget_135,GGGATTAGGATCTTACGCGA,NonTarget
NonTarget_136,GAAACGGACACGAACAGTGC,NonTarget
NonTarget_137,GGCGGTCTTCCCCGTTAAGT,NonTarget
NonTarget_138,GACAGTCTCCCCGCGAACGT,NonTarget
NonTarget_139,GCGTGCTAACGTTTGTGCCT,NonTarget
NonTarget_140,GGAGCGTGTTTTAGACCAGT,NonTarget
NonTarget_141,GGCGCACGCAATATGCTAAA,NonTarget
NonTarget_142,GTGGTCATACGGTTCGATTC,NonTarget
NonTarget_143,GCTAATCGGGCACAACTAGC,NonTarget
NonTarget_144,GTCGGGTGTGCCAACTATAG,NonTarget
NonTarget_145,GGCCGCAGATCATCTAACGT,NonTarget
NonTarget_146,GTAACGCTCCACGAGCATGA,NonTarget
NonTarget_147,GATCAATTGCGATGAAACGG,NonTarget
NonTarget_148,GACGGAGTAGATTCGTGTGT,NonTarget
NonTarget_149,GAGGATGCGTAGTTCACGCT,NonTarget
NonTarget_150,GCGTTCTCGAATCCTACAGT,NonTarget
NonTarget_151,GATCTATGGCGTTACGGTGA,NonTarget
NonTarget_152,GAACGCGTCATAATCGTTTT,NonTarget
NonTarget_153,GTGGTTATACTGATCGCCCC,NonTarget
NonTarget_154,GGGGTGTGAGTCGATTATCG,NonTarget
NonTarget_155,GTCCGTCAGACTGTAGCGCA,NonTarget
NonTarget_156,GTATCCTAAGTCAAGGGTCG,NonTarget
NonTarget_157,GGGCACGCTACAATACGTTT,NonTarget
NonTarget_158,GTGCGTAACTTGACGACAGT,NonTarget
NonTarget_159,GGATGACCGCAATTCCGGGA,NonTarget
NonTarget_160,GGAAATGGTTAGATCACGCC,NonTarget
NonTarget_161,GATACGTGGACTGGCAACCC,NonTarget
NonTarget_162,GCGCAACCCTATGGTACCTC,NonTarget
NonTarget_163,GTCTGGTAACGTCTGATCGC,NonTarget
NonTarget_164,GGGTTCGTAACAATTCCGAT,NonTarget
NonTarget_165,GATGCCGCCCCAATGGTTCA,NonTarget
NonTarget_166,GCACCTCCAACATTCGGCCG,NonTarget
NonTarget_167,GTGACCTCGACGACTTAACT,NonTarget
NonTarget_168,GTCGCTGTACAAATAGGCCG,NonTarget
NonTarget_169,GGGGTCGTCACATGTTAACG,NonTarget
NonTarget_170,GTCGGTATCGGTCTATCAGG,NonTarget
NonTarget_171,GAATCTTCCTGCAACGAGTC,NonTarget
NonTarget_172,GACCTCCGTGTATTCCAACC,NonTarget
NonTarget_173,GGGCGGTCTCTTCATCCGAG,NonTarget
NonTarget_174,GCGCAGTTTCGATTTCGATA,NonTarget
NonTarget_175,GAGAGACCTCTTCGACTACG,NonTarget
NonTarget_176,GGAGTTAGTCTGGTCGCACT,NonTarget
NonTarget_177,GGGTTCACTAGCGTCTAGGG,NonTarget
NonTarget_178,GCAATAGCGTCCGCAGTTCC,NonTarget
NonTarget_179,GGTGTACGGCCAATCATCCA,NonTarget
NonTarget_180,GTCACGATGCGCCACATCTG,NonTarget
NonTarget_181,GCTATATAGCGGGGATAACG,NonTarget
NonTarget_182,GAACTAGTGTGGACGCGCAC,NonTarget
NonTarget_183,GAGTCATACCGTTAGTGCGG,NonTarget
NonTarget_184,GGTCTTAATGCGTCCACAGG,NonTarget
NonTarget_185,GTAGAAGCGCTAAACGTCTG,NonTarget
NonTarget_186,GCAGTGAACCGGCGTCGGAG,NonTarget
NonTarget_187,GCGAAAGCCGTTGAGTTCAA,NonTarget
NonTarget_188,GCAGATGGTCTACGATCCGG,NonTarget
NonTarget_189,GTACCTGATAACCTGACGGT,NonTarget
NonTarget_190,GCGTAAAGTTCAAGCCCTAC,NonTarget
NonTarget_191,GCCCCATATCTAACGTCTAA,NonTarget
NonTarget_192,GATTGCCGTGCTAGTTGTGT,NonTarget
NonTarget_193,GCCGATGAATGCACGAATTA,NonTarget
NonTarget_194,GATTTGCGATTTGTCGGAGT,NonTarget
NonTarget_195,GGTAACGCTGGTAATACGGG,NonTarget
NonTarget_196,GTCGTTACATGTCTTTCGTC,NonTarget
NonTarget_197,GGATACCCGAGGGGGTATGC,NonTarget
NonTarget_198,GCTCATCATTTGCGTACTAG,NonTarget
NonTarget_199,GAATCTACCGTGTATGAGCT,NonTarget
NonTarget_200,GGAAAGCACGTTATACGCGT,NonTarget
